1000000, 516667
2000000, 543869
3000000, 553856
4000000, 559328
5000000, 562579
6000000, 564831
7000000, 566337
8000000, 567545
9000000, 568335
10000000, 569098
11000000, 569603
12000000, 570127
13000000, 570565
14000000, 570951
15000000, 571056
16000000, 571385
17000000, 571707
18000000, 571943
19000000, 572188
20000000, 572432
21000000, 572594
22000000, 572779
23000000, 572917
24000000, 573069
25000000, 573191
26000000, 573319
27000000, 573434
28000000, 573522
29000000, 573630
30000000, 573700
31000000, 573757
32000000, 573374
33000000, 573681
34000000, 572547
35000000, 572976
36000000, 573375
37000000, 570488
38000000, 573171
39000000, 573446
40000000, 573579
